timestamp,distance,latitude,longitude,yaw,yaw precision,heading,delta,precision
2025-07-15 21:43:28.541941404,0,38.90769134492923,-92.26827048018284,94.87,1.0,0,-144.2304610203591,2
2025-07-15 21:43:28.541941404,0,38.90769019709524,-92.26827478821464,94.75,1.0,0,-144.1070671345637,2
2025-07-15 21:43:28.541941404,0,38.907688990711925,-92.26827926860976,94.45,1.0,0,-143.803526556443,2
2025-07-15 21:43:28.541941404,0,38.907687817595374,-92.26828372249084,93.187,1.0,0,-142.53702872301432,2
2025-07-15 21:43:28.541941404,0,38.90768667759338,-92.26828818710064,91.7539,1.0,0,-141.10045253453376,2
2025-07-15 21:43:28.541941404,0,38.90768555344573,-92.26829266458944,90.79573,1.0,0,-140.1388122133626,2
2025-07-15 21:43:28.541941404,0,38.90768444602241,-92.26829715785418,90.077011,1.0,0,-139.41662785868826,2
2025-07-15 21:43:28.541941404,0,38.90768335864729,-92.26830165572316,89.5619077,1.0,0,-138.8980732653161,2
2025-07-15 21:43:28.541941404,0,38.90768228053498,-92.2683061365138,89.35433539,1.0,0,-138.68706683859244,2
2025-07-15 21:43:28.541941404,0,38.90768121191413,-92.26831060850948,89.716034773,1.0,0,-139.0453448096343,2
2025-07-15 21:43:28.541941404,0,38.90768017835831,-92.2683148761138,90.5812243411,1.0,0,-139.9072574769889,2
2025-07-15 21:43:28.541941404,0,38.90767911803014,-92.2683191854839,91.36385703877,1.0,0,-140.68656691214676,2
2025-07-15 21:43:28.541941404,0,38.90767798813345,-92.26832365726044,92.376699927139,1.0,0,-141.69593606267148,2
2025-07-15 21:43:28.541941404,0,38.90767685410485,-92.26832808796428,93.4156899489973,1.0,0,-142.73147175802,2
2025-07-15 21:43:28.541941404,0,38.907675665287016,-92.2683326240313,93.8369829642981,1.0,0,-143.1492045698821,2
2025-07-15 21:43:28.541941404,0,38.90767446985653,-92.268337137801,94.26388807500868,1.0,0,-143.5725562079403,2
2025-07-15 21:43:28.541941404,0,38.90767324180744,-92.26834166167583,94.75772165250606,1.0,0,-144.06280283686812,2
2025-07-15 21:43:28.541941404,0,38.90767202657317,-92.26834611938736,95.15140515675424,1.0,0,-144.4529472572207,2
2025-07-15 21:43:28.541941404,0,38.907670841008446,-92.26835041687252,95.48098360972796,1.0,0,-144.77910177571232,2
2025-07-15 21:43:28.541941404,0,38.907669649631416,-92.26835473710982,94.79068852680956,1.0,0,-144.0853647864161,2
2025-07-15 21:43:28.541941404,0,38.90766846599536,-92.26835906461744,94.4424819687667,1.0,0,-143.733718513334,2
2025-07-15 21:43:28.541941404,0,38.90766728651019,-92.26836336223928,94.0607373781367,1.0,0,-143.34855433293552,2
2025-07-15 21:43:28.541941404,0,38.907666106976045,-92.26836767388043,93.70051616469569,1.0,0,-142.9849053430466,2
2025-07-15 21:43:28.541941404,0,38.907664944202985,-92.26837193019304,93.43036131528696,1.0,0,-142.71136784247312,2
2025-07-15 21:43:28.541941404,0,38.90766377804726,-92.2683762456753,92.43725292070089,1.0,0,-141.71484031853328,2
2025-07-15 21:43:28.541941404,0,38.907662630233744,-92.2683805917102,91.54707704449062,1.0,0,-140.82124330177015,2
2025-07-15 21:43:28.541941404,0,38.90766149346869,-92.26838492528042,91.01695393114343,1.0,0,-140.2877151619849,2
2025-07-15 21:43:28.541941404,0,38.90766034402968,-92.26838931257367,90.9578677518004,1.0,0,-140.22518269608992,2
2025-07-15 21:43:28.541941404,0,38.9076591842321,-92.26839374261355,91.15950742626028,1.0,0,-140.4233429652631,2
2025-07-15 21:43:28.541941404,0,38.90765802156152,-92.26839818565006,91.6126551983822,1.0,0,-140.87300131896512,2
2025-07-15 21:43:28.541941404,0,38.90765681713147,-92.26840268467994,92.36485863886756,1.0,0,-141.62164824612483,2
2025-07-15 21:43:28.541941404,0,38.907655599963874,-92.26840717746045,93.03840104720727,1.0,0,-142.2916266699517,2
2025-07-15 21:43:28.541941404,0,38.90765437618519,-92.26841166458604,93.6058807330451,1.0,0,-142.85553973295967,2
2025-07-15 21:43:28.541941404,0,38.907653124704105,-92.2684161752907,94.04511651313156,1.0,0,-143.29117195038293,2
2025-07-15 21:43:28.541941404,0,38.9076518630587,-92.26842070939244,94.40958155919208,1.0,0,-143.65201138442353,2
2025-07-15 21:43:28.541941404,0,38.90765056526381,-92.268425262129,94.84770709143449,1.0,0,-144.08647002820237,2
2025-07-15 21:43:28.541941404,0,38.90764928374748,-92.2684297388224,94.89339496400412,1.0,0,-144.12854745172996,2
2025-07-15 21:43:28.541941404,0,38.90764799952164,-92.26843420711052,94.99437647480288,1.0,0,-144.22592072605033,2
2025-07-15 21:43:28.541941404,0,38.90764670666091,-92.26843869284257,94.585063532362,1.0,0,-143.81298215366064,2
2025-07-15 21:43:28.541941404,0,38.9076454564029,-92.26844319832264,93.1915444726534,1.0,0,-142.41586197220607,2
2025-07-15 21:43:28.541941404,0,38.90764423597525,-92.2684477089889,91.86508113085738,1.0,0,-141.08581947362342,2
2025-07-15 21:43:28.541941404,0,38.90764303730846,-92.26845227888631,90.77155679160016,1.0,0,-139.98870057745262,2
2025-07-15 21:43:28.541941404,0,38.90764185214943,-92.26845693218635,90.39608975412013,1.0,0,-139.60960294308433,2
2025-07-15 21:43:28.541941404,0,38.90764068967695,-92.26846144343637,91.39326282788409,1.0,0,-140.60324460795988,2
2025-07-15 21:43:28.541941404,0,38.90763951856135,-92.26846588322374,92.31628397951886,1.0,0,-141.5227672219704,2
2025-07-15 21:43:28.541941404,0,38.90763830490421,-92.26847039025296,93.0763987856632,1.0,0,-142.2793093316898,2
2025-07-15 21:43:28.541941404,0,38.907637160877584,-92.26847462931252,93.53947914996424,1.0,0,-142.7390270493864,2
2025-07-15 21:43:28.541941404,0,38.90763612932287,-92.26847845260708,93.893635404975,1.0,0,-143.09015049285443,2
2025-07-15 21:43:28.541941404,0,38.90763519193117,-92.2684819106256,94.1265447834825,1.0,0,-143.32031295055108,2
2025-07-15 21:43:28.541941404,0,38.90763434783087,-92.26848503843208,94.29258134843776,1.0,0,-143.4838679573199,2
2025-07-15 21:43:28.541941404,0,38.90763358687929,-92.26848786141328,94.41480694390644,1.0,0,-143.6038544784304,2
2025-07-15 21:43:28.541941404,0,38.907632897203385,-92.26849041348048,94.4853648607345,1.0,0,-143.67238663538714,2
2025-07-15 21:43:28.541941404,0,38.90763227392555,-92.2684927173921,94.52275540251416,1.0,0,-143.70794776522698,2
2025-07-15 21:43:28.541941404,0,38.90763170644906,-92.2684948040468,94.54892878175993,1.0,0,-143.73246167947536,2
2025-07-15 21:43:28.541941404,0,38.90763119358789,-92.26849669062322,94.57325014723192,1.0,0,-143.75528282074487,2
2025-07-15 21:43:28.541941404,0,38.907630727451554,-92.268498402654,94.59327510306235,1.0,0,-143.77394570237726,2
2025-07-15 21:43:28.541941404,0,38.90763030819307,-92.26849995198651,94.61029257214363,1.0,0,-143.78973268121683,2
2025-07-15 21:43:28.541941404,0,38.90762992612131,-92.26850135441452,94.62820480050055,1.0,0,-143.80652890175213,2
2025-07-15 21:43:28.541941404,0,38.9076295830893,-92.26850262026583,94.6407433603504,1.0,0,-143.81806165967956,2
2025-07-15 21:43:28.541941404,0,38.90762927348089,-92.26850376522754,94.65252035224528,1.0,0,-143.82892944647415,2
2025-07-15 21:43:28.541941404,0,38.907628990470215,-92.26850480618964,94.6697642465717,1.0,0,-143.84534542101832,2
2025-07-15 21:43:28.541941404,0,38.907628723283,-92.26850578396066,94.6398349726002,1.0,0,-143.81463732947853,2
2025-07-15 21:43:28.541941404,0,38.90762842411991,-92.26850688877695,94.79888448082012,1.0,0,-143.97280912156324,2
2025-07-15 21:43:28.541941404,0,38.907627984567945,-92.26850829737631,96.9922191365741,1.0,0,-146.16497569262086,2
2025-07-15 21:43:28.541941404,0,38.90762744477511,-92.2685098633821,101.30255339560188,1.0,0,-150.47396820977906,2
2025-07-15 21:43:28.541941404,0,38.9076266187951,-92.2685116235056,110.5627873769213,1.0,0,-159.73250923772613,2
2025-07-15 21:43:28.541941404,0,38.907625498021055,-92.26851323791767,123.3719511638449,1.0,0,-172.53981403256947,2
2025-07-15 21:43:28.541941404,0,38.90762408845796,-92.26851458048696,136.70336581469144,1.0,0,174.1307198315792,2
2025-07-15 21:43:28.541941404,0,38.90762255915444,-92.26851573161072,147.99435607028403,1.0,0,162.8416706019945,2
2025-07-15 21:43:28.541941404,0,38.907620784045285,-92.26851658932576,49.6080492491988,1.0,0,-98.7700405413854,2
2025-07-15 21:43:28.541941404,0,38.90761891524847,-92.26851712399196,49.6080492491988,2.0,0,-98.76816253955776,2
2025-07-15 21:43:28.541941404,0,38.9076171024609,-92.26851751457566,49.6080492491988,3.0,0,-98.76641340989336,2
2025-07-15 21:43:28.541941404,0,38.90761524713229,-92.2685178129912,49.6080492491988,3.0,0,-98.76468069012958,2
2025-07-15 21:43:28.541941404,0,38.907613298771054,-92.2685181044231,49.6080492491988,3.0,0,-98.76287359088298,2
2025-07-15 21:43:28.541941404,0,38.90761122865257,-92.26851826286097,49.6080492491988,3.0,0,-98.76103928396516,2
2025-07-15 21:43:28.541941404,0,38.90760894292887,-92.2685182037699,49.6080492491988,3.0,0,-98.75914658267794,2
2025-07-15 21:43:28.541941404,0,38.90760654534368,-92.26851796100128,49.6080492491988,3.0,0,-98.7572637659934,2
2025-07-15 21:43:28.541941404,0,38.907604371706526,-92.26851775210685,49.6080492491988,3.0,0,-98.75555058100576,2
2025-07-15 21:43:28.541941404,0,38.90760230923589,-92.26851750093516,49.6080492491988,3.0,0,-98.75395510407829,2
2025-07-15 21:43:28.541941404,0,38.90759989694055,-92.26851693073084,49.6080492491988,3.0,0,-98.75224569086475,2
2025-07-15 21:43:28.541941404,0,38.907597679869646,-92.26851619455296,49.6080492491988,3.0,0,-98.7507948678595,2
2025-07-15 21:43:28.541941404,0,38.90759559315834,-92.26851496938647,49.6080492491988,3.0,0,-98.74973090457344,2
2025-07-15 21:43:28.541941404,0,38.90759364612637,-92.26851361550013,49.6080492491988,3.0,0,-98.74885758303964,2
2025-07-15 21:43:28.541941404,0,38.907591882720254,-92.26851239817064,49.6080492491988,3.0,0,-98.7480616618068,2
2025-07-15 21:43:28.541941404,0,38.90759028705801,-92.26851129552972,49.6080492491988,3.0,0,-98.7473421308668,2
2025-07-15 21:43:28.541941404,0,38.90758883382905,-92.26851022009208,49.6080492491988,3.0,0,-98.74672720181428,2
2025-07-15 21:43:28.541941404,0,38.90758752010672,-92.26850926376078,49.6080492491988,3.0,0,-98.7461623517604,2
2025-07-15 21:43:28.541941404,0,38.90758633103505,-92.26850840188833,49.6080492491988,3.0,0,-98.74564901773287,2
2025-07-15 21:43:28.541941404,0,38.90758525586643,-92.26850762057455,49.6080492491988,3.0,0,-98.7451860122344,2
2025-07-15 21:43:28.541941404,0,38.90758428487564,-92.26850691611985,49.6080492491988,3.0,0,-98.74476723380894,2
2025-07-15 21:43:28.541941404,0,38.90758340609173,-92.26850628200572,49.6080492491988,3.0,0,-98.74438628753995,2
2025-07-15 21:43:28.541941404,0,38.907582608999576,-92.26850570583352,49.6080492491988,3.0,0,-98.74404133545325,2
2025-07-15 21:43:28.541941404,0,38.90758188899908,-92.26850518367696,49.6080492491988,3.0,0,-98.74373072373676,2
2025-07-15 21:43:28.541941404,0,38.90758123637879,-92.26850471547112,49.6080492491988,3.0,0,-98.74344630861792,2
2025-07-15 21:43:28.541941404,0,38.9075806475829,-92.26850428688851,49.6080492491988,3.0,0,-98.7431932066164,2
2025-07-15 21:43:28.541941404,0,38.90758011479618,-92.2685039008188,49.6080492491988,3.0,0,-98.74296319881496,2
2025-07-15 21:43:28.541941404,0,38.90757963062972,-92.2685035511568,49.6080492491988,3.0,0,-98.74275351906846,2
2025-07-15 21:43:28.541941404,0,38.90757919236101,-92.268503236976,49.6080492491988,3.0,0,-98.74256239845111,2
2025-07-15 21:43:28.541941404,0,38.90757879340445,-92.26850295188888,49.6080492491988,3.0,0,-98.74238790769164,2
2025-07-15 21:43:28.541941404,0,38.9075784335084,-92.2685026929694,49.6080492491988,3.0,0,-98.74223149092114,2
2025-07-15 21:43:28.541941404,0,38.907578107371805,-92.26850245963088,49.6080492491988,3.0,0,-98.74208901621688,2
2025-07-15 21:43:28.541941404,0,38.90757781447851,-92.26850225007408,49.6080492491988,3.0,0,-98.74196106717903,2
2025-07-15 21:43:28.541941404,0,38.90757754992229,-92.26850205823176,49.6080492491988,3.0,0,-98.7418469478767,2
2025-07-15 21:43:28.541941404,0,38.90757730640988,-92.2685018882849,49.6080492491988,3.0,0,-98.74173814993584,2
2025-07-15 21:43:28.541941404,0,38.90757709018365,-92.26850173466276,49.6080492491988,3.0,0,-98.74164308314704,2
2025-07-15 21:43:28.541941404,0,38.90757689278197,-92.26850159311724,49.6080492491988,3.0,0,-98.74155702832736,2
2025-07-15 21:43:28.541941404,0,38.907576713841024,-92.26850146234104,49.6080492491988,3.0,0,-98.74148041920704,2
2025-07-15 21:43:28.541941404,0,38.90757655223891,-92.26850134638302,49.6080492491988,3.0,0,-98.74141001843492,2
2025-07-15 21:43:28.541941404,0,38.9075764037896,-92.26850124351654,49.6080492491988,3.0,0,-98.74134327919607,2
2025-07-15 21:43:28.541941404,0,38.907576267241936,-92.2685011320444,49.6080492491988,3.0,0,-98.74129143341304,2
2025-07-15 21:43:28.541941404,0,38.90757610103568,-92.26850091845304,49.6080492491988,3.0,0,-98.74127243944348,2
2025-07-15 21:43:28.541941404,0,38.90757593954188,-92.26850065526268,49.6080492491988,3.0,0,-98.74128549686418,2
2025-07-15 21:43:28.541941404,0,38.90757580878869,-92.26850048242744,49.6080492491988,3.0,0,-98.74127327501436,2
2025-07-15 21:43:28.541941404,0,38.90757569221735,-92.26850034632642,49.6080492491988,3.0,0,-98.741252193795,2
2025-07-15 21:43:28.541941404,0,38.90757559164963,-92.26850022253784,49.6080492491988,3.0,0,-98.74123761492648,2
2025-07-15 21:43:28.541941404,0,38.90757550144112,-92.26850011052464,49.6080492491988,3.0,0,-98.74122509032652,2
2025-07-15 21:43:28.541941404,0,38.90757542060639,-92.268500008374,49.6080492491988,3.0,0,-98.7412148734009,2
2025-07-15 21:43:28.541941404,0,38.90757533525336,-92.2684998807442,49.6080492491988,3.0,0,-98.74121527900672,2
2025-07-15 21:43:28.541941404,0,38.907575331424255,-92.26849954884597,49.6080492491988,3.0,0,-98.74139997750116,2
2025-07-15 21:43:28.541941404,0,38.90757542736495,-92.2684985980236,49.6080492491988,3.0,0,-98.74201910223428,2
2025-07-15 21:43:28.541941404,0,38.90757563720752,-92.26849762001034,49.6080492491988,3.0,0,-98.74274950453464,2
2025-07-15 21:43:28.541941404,0,38.907575820113,-92.26849672948154,49.6080492491988,3.0,0,-98.74340768526594,2
2025-07-15 21:43:28.541941404,0,38.90757606489039,-92.26849559912972,49.6080492491988,3.0,0,-98.74425372230849,2
2025-07-15 21:43:28.541941404,0,38.90757631381103,-92.26849446801864,49.6080492491988,3.0,0,-98.7451036608307,2
2025-07-15 21:43:28.541941404,0,38.90757659707931,-92.26849316784944,49.6080492491988,3.0,0,-98.7460782073752,2
2025-07-15 21:43:28.541941404,0,38.90757695946601,-92.2684915431618,49.6080492491988,3.0,0,-98.74730305218418,2
2025-07-15 21:43:28.541941404,0,38.90757731417423,-92.26848997995856,49.6080492491988,3.0,0,-98.74848659336436,2
2025-07-15 21:43:28.541941404,0,38.90757764687292,-92.26848850441642,49.6080492491988,3.0,0,-98.74960195164562,2
2025-07-15 21:43:28.541941404,0,38.90757794839931,-92.26848716907658,49.6080492491988,3.0,0,-98.7506116774183,2
2025-07-15 21:43:28.541941404,0,38.90757821870635,-92.26848596282188,49.6080492491988,3.0,0,-98.7515220309001,2
2025-07-15 21:43:28.541941404,0,38.907578464251706,-92.268484869251,49.6080492491988,3.0,0,-98.75234773826384,2
2025-07-15 21:43:28.541941404,0,38.90757868564688,-92.26848388144992,49.6080492491988,3.0,0,-98.7530932324458,2
2025-07-15 21:43:28.541941404,0,38.90757888598184,-92.26848298745482,49.6080492491988,3.0,0,-98.75376789037318,2
2025-07-15 21:43:28.541941404,0,38.907579075028494,-92.26848213728012,49.6080492491988,3.0,0,-98.75440823289068,2
2025-07-15 21:43:28.541941404,0,38.9075792949229,-92.26848119168004,49.6080492491988,3.0,0,-98.7551285446691,2
2025-07-15 21:43:28.541941404,0,38.90757949469257,-92.26848032826156,49.6080492491988,3.0,0,-98.75578539085404,2
2025-07-15 21:43:28.541941404,0,38.90757967434937,-92.26847955712236,49.6080492491988,3.0,0,-98.75637306956872,2
2025-07-15 21:43:28.541941404,0,38.90757983770904,-92.2684788558498,49.6080492491988,3.0,0,-98.75690748008918,2
2025-07-15 21:43:28.541941404,0,38.90757998790726,-92.26847821668802,49.6080492491988,3.0,0,-98.75739565354188,2
2025-07-15 21:43:28.541941404,0,38.90758012492768,-92.2684776338873,49.6080492491988,3.0,0,-98.75784083153336,2
2025-07-15 21:43:28.541941404,0,38.90758024827987,-92.26847709764712,49.6080492491988,3.0,0,-98.75824814852432,2
2025-07-15 21:43:28.541941404,0,38.90758036037382,-92.26847660005052,49.6080492491988,3.0,0,-98.75862411473253,2
2025-07-15 21:43:28.541941404,0,38.90758046259755,-92.2684761496292,49.6080492491988,3.0,0,-98.75896507156511,2
2025-07-15 21:43:28.541941404,0,38.90758055731684,-92.2684757420542,49.6080492491988,3.0,0,-98.75927546143744,2
2025-07-15 21:43:28.541941404,0,38.90758064381868,-92.26847537293264,49.6080492491988,3.0,0,-98.75955717051022,2
2025-07-15 21:43:28.541941404,0,38.907580721616405,-92.2684750387652,49.6080492491988,3.0,0,-98.75981176976188,2
2025-07-15 21:43:28.541941404,0,38.90758078931842,-92.26847473749518,49.6080492491988,3.0,0,-98.76003925178554,2
2025-07-15 21:43:28.541941404,0,38.907580851690085,-92.26847446472492,49.6080492491988,3.0,0,-98.76024611770112,2
2025-07-15 21:43:28.541941404,0,38.90758091129948,-92.2684742071211,49.6080492491988,3.0,0,-98.76044207483852,2
2025-07-15 21:43:28.541941404,0,38.90758096444582,-92.26847397196076,49.6080492491988,3.0,0,-98.76061988966272,2
2025-07-15 21:43:28.541941404,0,38.90758101491475,-92.2684737582188,49.6080492491988,3.0,0,-98.76078332980586,2
2025-07-15 21:43:28.541941404,0,38.90758105947303,-92.26847356338214,49.6080492491988,3.0,0,-98.76093109521128,2
2025-07-15 21:43:28.541941404,0,38.90758110692708,-92.26847336631036,49.6080492491988,3.0,0,-98.76108256298414,2
2025-07-15 21:43:28.541941404,0,38.90758117127017,-92.26847306622514,49.6080492491988,3.0,0,-98.7613065399807,2
2025-07-15 21:43:28.541941404,0,38.90758123155367,-92.26847279991736,49.6080492491988,3.0,0,-98.76150798510656,2
2025-07-15 21:43:28.541941404,0,38.90758128483438,-92.26847255941772,49.6080492491988,3.0,0,-98.7616889299556,2
2025-07-15 21:43:28.541941404,0,38.90758133288822,-92.26847234005162,49.6080492491988,3.0,0,-98.76185351510736,2
2025-07-15 21:43:28.541941404,0,38.90758138271261,-92.26847214186978,49.6080492491988,3.0,0,-98.76200760363064,2
2025-07-15 21:43:28.541941404,0,38.90758142510224,-92.26847196380832,49.6080492491988,3.0,0,-98.76214404711686,2
2025-07-15 21:43:28.541941404,0,38.90758146187415,-92.26847180427036,49.6080492491988,3.0,0,-98.76226527912335,2
2025-07-15 21:43:28.541941404,0,38.90758149530668,-92.26847166038404,49.6080492491988,3.0,0,-98.76237484303914,2
2025-07-15 21:43:28.541941404,0,38.907581525876026,-92.26847152859948,49.6080492491988,3.0,0,-98.76247514850184,2
2025-07-15 21:43:28.541941404,0,38.90758155195205,-92.26847140935094,49.6080492491988,3.0,0,-98.76256457735384,2
2025-07-15 21:43:28.541941404,0,38.907581577291545,-92.2684713011288,49.6080492491988,3.0,0,-98.762647146895,2
2025-07-15 21:43:28.541941404,0,38.90758160053771,-92.26847120605504,49.6080492491988,3.0,0,-98.76272051416282,2
2025-07-15 21:43:28.541941404,0,38.90758162188967,-92.26847111812268,49.6080492491988,3.0,0,-98.76278824571858,2
2025-07-15 21:43:28.541941404,0,38.90758164358865,-92.26847103903047,49.6080492491988,3.0,0,-98.7628512674234,2
2025-07-15 21:43:28.541941404,0,38.90758166243081,-92.26847096857172,49.6080492491988,3.0,0,-98.76290699874596,2
2025-07-15 21:43:28.541941404,0,38.907581678212274,-92.26847090243724,49.6080492491988,3.0,0,-98.76295770626268,2
2025-07-15 21:43:28.541941404,0,38.90758169471211,-92.26847084433771,49.6080492491988,3.0,0,-98.76300447223927,2
2025-07-15 21:43:28.541941404,0,38.90758171027656,-92.268470792082,49.6080492491988,3.0,0,-98.76304714411134,2
2025-07-15 21:43:28.541941404,0,38.90758172594587,-92.26847074448004,49.6080492491988,3.0,0,-98.76308727108864,2
2025-07-15 21:43:28.541941404,0,38.90758174012463,-92.26847070188182,49.6080492491988,3.0,0,-98.76312331184648,2
2025-07-15 21:43:28.541941404,0,38.907581749942345,-92.26847066222598,49.6080492491988,3.0,0,-98.76315401587324,2
2025-07-15 21:43:28.541941404,0,38.90758176183844,-92.2684706260253,49.6080492491988,3.0,0,-98.76318451484916,2
2025-07-15 21:43:28.541941404,0,38.90758176689543,-92.26847059390238,49.6080492491988,3.0,0,-98.76320694822016,2
2025-07-15 21:43:28.541941404,0,38.907581772422624,-92.2684705635668,49.6080492491988,3.0,0,-98.76322876617854,2
2025-07-15 21:43:28.541941404,0,38.90758177710696,-92.26847053564128,49.6080492491988,3.0,0,-98.7632485108225,2
2025-07-15 21:43:28.541941404,0,38.90758178419945,-92.26847051037218,49.6080492491988,3.0,0,-98.76326878003232,2
2025-07-15 21:43:28.541941404,0,38.90758179140997,-92.26847048956785,49.6080492491988,3.0,0,-98.7632866224152,2
2025-07-15 21:43:28.541941404,0,38.90758179571501,-92.26847046979124,49.6080492491988,3.0,0,-98.76330143691928,2
2025-07-15 21:43:28.541941404,0,38.90758179992762,-92.26847045268862,49.6080492491988,3.0,0,-98.76331466065494,2
2025-07-15 21:43:28.541941404,0,38.90758180421513,-92.26847043800558,49.6080492491988,3.0,0,-98.76332657842757,2
2025-07-15 21:43:28.541941404,0,38.90758180872895,-92.26847042424365,49.6080492491988,3.0,0,-98.76333816558036,2
2025-07-15 21:43:28.541941404,0,38.90758181313048,-92.26847041068102,49.6080492491988,3.0,0,-98.76334954539824,2
2025-07-15 21:43:28.541941404,0,38.907581817271854,-92.26847039825,49.6080492491988,3.0,0,-98.76336006591538,2
2025-07-15 21:43:28.541941404,0,38.90758182181199,-92.26847038826982,49.6080492491988,3.0,0,-98.76336953545922,2
2025-07-15 21:43:28.541941404,0,38.90758182734712,-92.26847037717796,49.6080492491988,3.0,0,-98.7633804717641,2
2025-07-15 21:43:28.541941404,0,38.90758183077031,-92.26847036745828,49.6080492491988,3.0,0,-98.76338885346786,2
2025-07-15 21:43:28.541941404,0,38.90758183323369,-92.26847035707776,49.6080492491988,3.0,0,-98.7633968009518,2
2025-07-15 21:43:28.541941404,0,38.90758183784087,-92.26847035164826,49.6080492491988,3.0,0,-98.76340375213825,2
2025-07-15 21:43:28.541941404,0,38.90758184565625,-92.26847034229606,49.6080492491988,3.0,0,-98.76341562403542,2
2025-07-15 21:43:28.541941404,0,38.90758184955737,-92.26847033747994,49.6080492491988,3.0,0,-98.76342163366826,2
2025-07-15 21:43:28.541941404,0,38.90758185102634,-92.2684703332805,49.6080492491988,3.0,0,-98.7634252465794,2
2025-07-15 21:43:28.541941404,0,38.907581852831214,-92.2684703301147,49.6080492491988,3.0,0,-98.7634285574747,2
2025-07-15 21:43:28.541941404,0,38.90758185826939,-92.26847032455484,49.6080492491988,3.0,0,-98.7634362820931,2
2025-07-15 21:43:28.541941404,0,38.90758185970235,-92.2684703223776,49.6080492491988,3.0,0,-98.7634387204983,2
2025-07-15 21:43:28.541941404,0,38.90758186337712,-92.26847031882204,49.6080492491988,3.0,0,-98.76344382631449,2
2025-07-15 21:43:28.541941404,0,38.90758186686087,-92.26847031655598,49.6080492491988,3.0,0,-98.76344804169612,2
2025-07-15 21:43:28.541941404,0,38.907581867000935,-92.26847031735922,49.6080492491988,3.0,0,-98.76344770515914,2
2025-07-15 21:43:28.541941404,0,38.90758186585935,-92.26847031729334,49.6080492491988,3.0,0,-98.76344678124826,2
2025-07-15 21:43:28.541941404,0,38.907581862131146,-92.26847032040456,49.6080492491988,3.0,0,-98.76344188184208,2
2025-07-15 21:43:28.541941404,0,38.90758186494071,-92.26847031989044,49.6080492491988,3.0,0,-98.76344453830852,2
2025-07-15 21:43:28.541941404,0,38.90758186922697,-92.26847031530318,49.6080492491988,3.0,0,-98.76345074274434,2
2025-07-15 21:43:28.541941404,0,38.90758186787363,-92.2684703132133,49.6080492491988,3.0,0,-98.76345078573236,2
2025-07-15 21:43:28.541941404,0,38.907581867441735,-92.26847031116368,49.6080492491988,3.0,0,-98.76345158177833,2
2025-07-15 21:43:28.541941404,0,38.90758186784363,-92.26847031152862,49.6080492491988,3.0,0,-98.76345171367797,2
2025-07-15 21:43:28.541941404,0,38.90758186582917,-92.26847031423696,49.6080492491988,3.0,0,-98.76344848516436,2
2025-07-15 21:43:28.541941404,0,38.90758186368926,-92.26847031732184,49.6080492491988,3.0,0,-98.7634449379629,2
2025-07-15 21:43:28.541941404,0,38.90758186333832,-92.26847031789367,49.6080492491988,3.0,0,-98.76344431893034,2
2025-07-15 21:43:28.541941404,0,38.90758186206951,-92.2684703187282,49.6080492491988,3.0,0,-98.76344277844096,2
2025-07-15 21:43:28.541941404,0,38.907581859811614,-92.26847031980044,49.6080492491988,3.0,0,-98.76344027068274,2
2025-07-15 21:43:28.541941404,0,38.90758186078078,-92.26847032140483,49.6080492491988,3.0,0,-98.7634401789092,2
2025-07-15 21:43:28.541941404,0,38.90758186229193,-92.26847032349076,49.6080492491988,3.0,0,-98.76344027101028,2
2025-07-15 21:43:28.541941404,0,38.90758186492766,-92.26847032410996,49.6080492491988,3.0,0,-98.76344213988524,2
2025-07-15 21:43:28.541941404,0,38.90758186144662,-92.26847032720693,49.6080492491988,3.0,0,-98.76343745665974,2
2025-07-15 21:43:28.541941404,0,38.90758185829672,-92.26847032953366,49.6080492491988,3.0,0,-98.76343348804812,2
2025-07-15 21:43:28.541941404,0,38.90758185528792,-92.26847033306592,49.6080492491988,3.0,0,-98.76342895611322,2
2025-07-15 21:43:28.541941404,0,38.90758185304095,-92.26847033531097,49.6080492491988,3.0,0,-98.76342579397948,2
2025-07-15 21:43:28.541941404,0,38.90758185021501,-92.26847033892784,49.6080492491988,3.0,0,-98.76342136815693,2
2025-07-15 21:43:28.541941404,0,38.90758185098726,-92.2684703401396,49.6080492491988,3.0,0,-98.76342133273396,2
2025-07-15 21:43:28.541941404,0,38.90758184946648,-92.26847034171176,49.6080492491988,3.0,0,-98.7634191627443,2
2025-07-15 21:43:28.541941404,0,38.90758184920014,-92.26847034329288,49.6080492491988,3.0,0,-98.76341804388557,2
2025-07-15 21:43:28.541941404,0,38.90758184721519,-92.2684703447236,49.6080492491988,3.0,0,-98.76341556309428,2
2025-07-15 21:43:28.541941404,0,38.90758184494343,-92.26847034649384,49.6080492491988,3.0,0,-98.76341264871144,2
2025-07-15 21:43:28.541941404,0,38.90758184399756,-92.26847034714444,49.6080492491988,3.0,0,-98.76341148420404,2
2025-07-15 21:43:28.541941404,0,38.90758184155625,-92.26847034916004,49.6080492491988,3.0,0,-98.76340828824176,2
2025-07-15 21:43:28.541941404,0,38.90758183966425,-92.2684703490814,49.6080492491988,3.0,0,-98.76340673972788,2
2025-07-15 21:43:28.541941404,0,38.90758183937911,-92.26847034726627,49.6080492491988,3.0,0,-98.76340752664528,2
2025-07-15 21:43:28.541941404,0,38.9075818342063,-92.26847034784342,49.6080492491988,3.0,0,-98.76340284473469,2
2025-07-15 21:43:28.541941404,0,38.90758183079389,-92.2684703493169,49.6080492491988,3.0,0,-98.76339913786812,2
2025-07-15 21:43:28.541941404,0,38.90758182786462,-92.26847035017458,49.6080492491988,3.0,0,-98.76339618622065,2
2025-07-15 21:43:28.541941404,0,38.907581824104206,-92.26847034999945,49.6080492491988,3.0,0,-98.76339311915116,2
2025-07-15 21:43:28.541941404,0,38.90758182165276,-92.2684703496824,49.6080492491988,3.0,0,-98.7633912344774,2
2025-07-15 21:43:28.541941404,0,38.907581815946585,-92.26847034939551,49.6080492491988,3.0,0,-98.76338659235006,2
2025-07-15 21:43:28.541941404,0,38.90758181284425,-92.2684703489774,49.6080492491988,3.0,0,-98.76338421684926,2
2025-07-15 21:43:28.541941404,0,38.90758180797599,-92.26847034844052,49.6080492491988,3.0,0,-98.763380421676,2
2025-07-15 21:43:28.541941404,0,38.90758180594894,-92.26847034621072,49.6080492491988,3.0,0,-98.7633799765847,2
2025-07-15 21:43:28.541941404,0,38.907581804273256,-92.26847034783952,49.6080492491988,3.0,0,-98.76337764412358,2
2025-07-15 21:43:28.541941404,0,38.907581801330096,-92.26847034788648,49.6080492491988,3.0,0,-98.7633751394946,2
2025-07-15 21:43:28.541941404,0,38.90758179898399,-92.26847034697776,49.6080492491988,3.0,0,-98.76337367830922,2
2025-07-15 21:43:28.541941404,0,38.90758179606835,-92.26847034694816,49.6080492491988,3.0,0,-98.76337124016568,2
2025-07-15 21:43:28.541941404,0,38.90758179438131,-92.26847034597012,49.6080492491988,3.0,0,-98.7633703730968,2
2025-07-15 21:43:28.541941404,0,38.90758179428162,-92.26847034080453,49.6080492491988,3.0,0,-98.76337321190924,2
2025-07-15 21:43:28.541941404,0,38.90758179466704,-92.26847033914255,49.6080492491988,3.0,0,-98.76337447676453,2
2025-07-15 21:43:28.541941404,0,38.90758179152788,-92.26847033938267,49.6080492491988,3.0,0,-98.76337169783096,2
2025-07-15 21:43:28.541941404,0,38.907581792333794,-92.26847033627055,49.6080492491988,3.0,0,-98.76337413724048,2
2025-07-15 21:43:28.541941404,0,38.90758178941659,-92.26847033393013,49.6080492491988,3.0,0,-98.76337300527588,2
2025-07-15 21:43:28.541941404,0,38.907581790423336,-92.26847033197086,49.6080492491988,3.0,0,-98.76337496150006,2
2025-07-15 21:43:28.541941404,0,38.9075817878464,-92.26847033241756,49.6080492491988,3.0,0,-98.76337253904984,2
2025-07-15 21:43:28.541941404,0,38.90758178694147,-92.2684703310778,49.6080492491988,3.0,0,-98.76337253516454,2
2025-07-15 21:43:28.541941404,0,38.90758178850074,-92.26847032748736,49.6080492491988,3.0,0,-98.76337587953958,2
2025-07-15 21:43:28.541941404,0,38.90758179007023,-92.26847032407991,49.6080492491988,3.0,0,-98.76337912895406,2
2025-07-15 21:43:28.541941404,0,38.90758179244168,-92.2684703190941,49.6080492491988,3.0,0,-98.76338394665748,2
2025-07-15 21:43:28.541941404,0,38.90758179220941,-92.2684703158509,49.6080492491988,3.0,0,-98.7633855861281,2
2025-07-15 21:43:28.541941404,0,38.90758178787716,-92.26847031228203,49.6080492491988,3.0,0,-98.76338395778066,2
2025-07-15 21:43:28.541941404,0,38.90758178823764,-92.26847030889414,49.6080492491988,3.0,0,-98.7633861781905,2
2025-07-15 21:43:28.541941404,0,38.90758178539299,-92.26847030804808,49.6080492491988,3.0,0,-98.76338426178644,2
2025-07-15 21:43:28.541941404,0,38.90758178630686,-92.26847030553856,49.6080492491988,3.0,0,-98.76338645114078,2
2025-07-15 21:43:28.541941404,0,38.907581786024,-92.2684703050117,49.6080492491988,3.0,0,-98.76338651108853,2
2025-07-15 21:43:28.541941404,0,38.90758178640222,-92.26847030405932,49.6080492491988,3.0,0,-98.76338736839024,2
2025-07-15 21:43:28.541941404,0,38.907581785793205,-92.2684703025634,49.6080492491988,3.0,0,-98.7633877020316,2
2025-07-15 21:43:28.541941404,0,38.90758178809588,-92.26847030073414,49.6080492491988,3.0,0,-98.7633906758245,2
2025-07-15 21:43:28.541941404,0,38.907581790496586,-92.26847029907888,49.6080492491988,3.0,0,-98.7633936337121,2
2025-07-15 21:43:28.541941404,0,38.907581793303095,-92.26847029662984,49.6080492491988,3.0,0,-98.76339738240124,2
2025-07-15 21:43:28.541941404,0,38.90758179409868,-92.26847029488938,49.6080492491988,3.0,0,-98.76339903703108,2
2025-07-15 21:43:28.541941404,0,38.90758179466005,-92.26847029093636,49.6080492491988,3.0,0,-98.76340174633202,2
2025-07-15 21:43:28.541941404,0,38.90758179469238,-92.26847028815207,49.6080492491988,3.0,0,-98.76340334892222,2
2025-07-15 21:43:28.541941404,0,38.90758179694123,-92.26847028563266,49.6080492491988,3.0,0,-98.76340666790088,2
2025-07-15 21:43:28.541941404,0,38.90758179961032,-92.26847028319436,49.6080492491988,3.0,0,-98.76341029480692,2
2025-07-15 21:43:28.541941404,0,38.90758180139135,-92.2684702820978,49.6080492491988,3.0,0,-98.76341241482436,2
2025-07-15 21:43:28.541941404,0,38.90758180347857,-92.26847027936158,49.6080492491988,3.0,0,-98.7634157203886,2
2025-07-15 21:43:28.541941404,0,38.907581803306215,-92.26847027656856,49.6080492491988,3.0,0,-98.76341715557152,2
2025-07-15 21:43:28.541941404,0,38.9075818033088,-92.26847027229728,49.6080492491988,3.0,0,-98.7634195744742,2
2025-07-15 21:43:28.541941404,0,38.907581804896544,-92.2684702684323,49.6080492491988,3.0,0,-98.76342309815028,2
2025-07-15 21:43:28.541941404,0,38.90758180665034,-92.2684702643008,49.6080492491988,3.0,0,-98.76342691242633,2
2025-07-15 21:43:28.541941404,0,38.90758180855439,-92.26847026214772,49.6080492491988,3.0,0,-98.7634297338072,2
2025-07-15 21:43:28.541941404,0,38.90758180900899,-92.26847025924822,49.6080492491988,3.0,0,-98.76343175712752,2
2025-07-15 21:43:28.541941404,0,38.90758180846909,-92.2684702588441,49.6080492491988,3.0,0,-98.76343153120372,2
2025-07-15 21:43:28.541941404,0,38.90758180845618,-92.26847025594176,49.6080492491988,3.0,0,-98.76343316249722,2
2025-07-15 21:43:28.541941404,0,38.90758180796887,-92.26847025442532,49.6080492491988,3.0,0,-98.76343361021073,2
2025-07-15 21:43:28.541941404,0,38.90758180705229,-92.26847025368728,49.6080492491988,3.0,0,-98.76343325606264,2
2025-07-15 21:43:28.541941404,0,38.90758180638144,-92.26847024953152,49.6080492491988,3.0,0,-98.7634350425896,2
2025-07-15 21:43:28.541941404,0,38.90758180625004,-92.2684702473565,49.6080492491988,3.0,0,-98.76343616258303,2
2025-07-15 21:43:28.541941404,0,38.90758180502134,-92.2684702442786,49.6080492491988,3.0,0,-98.76343686956324,2
2025-07-15 21:43:28.541941404,0,38.90758180343389,-92.26847024307888,49.6080492491988,3.0,0,-98.76343621178016,2
2025-07-15 21:43:28.541941404,0,38.90758180294871,-92.26847024310308,49.6080492491988,3.0,0,-98.76343578956664,2
2025-07-15 21:43:28.541941404,0,38.90758180615613,-92.26847024407624,49.6080492491988,3.0,0,-98.76343793951872,2
2025-07-15 21:43:28.541941404,0,38.90758180366802,-92.26847024638369,49.6080492491988,3.0,0,-98.76343453903336,2
2025-07-15 21:43:28.541941404,0,38.90758180363618,-92.26847024736183,49.6080492491988,3.0,0,-98.76343395876772,2
2025-07-15 21:43:28.541941404,0,38.90758180503425,-92.26847024634446,49.6080492491988,3.0,0,-98.76343571154064,2
2025-07-15 21:43:28.541941404,0,38.90758180566515,-92.2684702444726,49.6080492491988,3.0,0,-98.76343730185611,2
2025-07-15 21:43:28.541941404,0,38.907581804809176,-92.26847024515696,49.6080492491988,3.0,0,-98.7634361939447,2
2025-07-15 21:43:28.541941404,0,38.907581803559,-92.268470245142,49.6080492491988,3.0,0,-98.76343514978016,2
2025-07-15 21:43:28.541941404,0,38.90758180115941,-92.2684702462383,49.6080492491988,3.0,0,-98.76343250910509,2
2025-07-15 21:43:28.541941404,0,38.907581803585785,-92.26847024453508,49.6080492491988,3.0,0,-98.76343551574104,2
2025-07-15 21:43:28.541941404,0,38.90758180340323,-92.26847024235973,49.6080492491988,3.0,0,-98.76343659286084,2
2025-07-15 21:43:28.541941404,0,38.90758180450637,-92.26847023880588,49.6080492491988,3.0,0,-98.76343953246538,2
2025-07-15 21:43:28.541941404,0,38.907581803126455,-92.26847023907804,49.6080492491988,3.0,0,-98.7634382166354,2
2025-07-15 21:43:28.541941404,0,38.907581799182594,-92.26847023916574,49.6080492491988,3.0,0,-98.76343484638278,2
2025-07-15 21:43:28.541941404,0,38.90758179513827,-92.2684702362328,49.6080492491988,3.0,0,-98.76343310065072,2
2025-07-15 21:43:28.541941404,0,38.907581791161576,-92.26847023690824,49.6080492491988,3.0,0,-98.76342937021968,2
2025-07-15 21:43:28.541941404,0,38.90758178930712,-92.2684702354584,49.6080492491988,3.0,0,-98.76342862915624,2
2025-07-15 21:43:28.541941404,0,38.9075817900072,-92.26847023176832,49.6080492491988,3.0,0,-98.76343130646296,2
2025-07-15 21:43:28.541941404,0,38.90758179175048,-92.26847023049034,49.6080492491988,3.0,0,-98.76343349734988,2
2025-07-15 21:43:28.541941404,0,38.90758179094979,-92.26847023028516,49.6080492491988,3.0,0,-98.76343293929176,2
2025-07-15 21:43:28.541941404,0,38.907581797201104,-92.26847022613596,49.6080492491988,3.0,0,-98.76344055037572,2
2025-07-15 21:43:28.541941404,0,38.90758179619902,-92.26847022396684,49.6080492491988,3.0,0,-98.76344093393573,2
2025-07-15 21:43:28.541941404,0,38.90758179449955,-92.2684702227968,49.6080492491988,3.0,0,-98.76344016505504,2
2025-07-15 21:43:28.541941404,0,38.90758179438861,-92.26847022110388,49.6080492491988,3.0,0,-98.7634410295147,2
2025-07-15 21:43:28.541941404,0,38.90758179714198,-92.26847021973052,49.6080492491988,3.0,0,-98.76344412481608,2
2025-07-15 21:43:28.541941404,0,38.90758179487718,-92.26847021817076,49.6080492491988,3.0,0,-98.7634431004538,2
2025-07-15 21:43:28.541941404,0,38.90758179679136,-92.26847021882038,49.6080492491988,3.0,0,-98.76344434456844,2
2025-07-15 21:43:28.541941404,0,38.90758179899908,-92.26847021909111,49.6080492491988,3.0,0,-98.76344605021892,2
2025-07-15 21:43:28.541941404,0,38.9075818009968,-92.2684702153726,49.6080492491988,3.0,0,-98.76344983621568,2
2025-07-15 21:43:28.541941404,0,38.90758180248739,-92.26847021153216,49.6080492491988,3.0,0,-98.76345326420676,2
2025-07-15 21:43:28.541941404,0,38.90758180209224,-92.26847020964244,49.6080492491988,3.0,0,-98.7634540007046,2
2025-07-15 21:43:28.541941404,0,38.90758180538113,-92.26847020935938,49.6080492491988,3.0,0,-98.76345693001826,2
2025-07-15 21:43:28.541941404,0,38.90758180518633,-92.26847020878616,49.6080492491988,3.0,0,-98.76345709033576,2
2025-07-15 21:43:28.541941404,0,38.90758180390028,-92.26847021001142,49.6080492491988,3.0,0,-98.76345531425488,2
2025-07-15 21:43:28.541941404,0,38.907581803687805,-92.26847021048596,49.6080492491988,3.0,0,-98.76345486685908,2
2025-07-15 21:43:28.541941404,0,38.90758180175159,-92.26847020964702,49.6080492491988,3.0,0,-98.76345371129582,2
2025-07-15 21:43:28.541941404,0,38.9075818020606,-92.26847020650976,49.6080492491988,3.0,0,-98.76345574655568,2
2025-07-15 21:43:28.541941404,0,38.90758180107188,-92.26847020414657,49.6080492491988,3.0,0,-98.7634562511916,2
2025-07-15 21:43:28.541941404,0,38.90758180049429,-92.26847020121546,49.6080492491988,3.0,0,-98.76345742331551,2
2025-07-15 21:43:28.541941404,0,38.90758179791061,-92.26847020030714,49.6080492491988,3.0,0,-98.76345576186998,2
2025-07-15 21:43:28.541941404,0,38.90758179620686,-92.26847019774124,49.6080492491988,3.0,0,-98.76345577915384,2
2025-07-15 21:43:28.541941404,0,38.90758179625061,-92.26847019494384,49.6080492491988,3.0,0,-98.76345739877796,2
2025-07-15 21:43:28.541941404,0,38.90758179629018,-92.26847019463209,49.6080492491988,3.0,0,-98.76345760849364,2
2025-07-15 21:43:28.541941404,0,38.90758179696016,-92.26847019308168,49.6080492491988,3.0,0,-98.76345904982765,2
2025-07-15 21:43:28.541941404,0,38.9075817986762,-92.26847019120312,49.6080492491988,3.0,0,-98.76346155758785,2
2025-07-15 21:43:28.541941404,0,38.90758179927775,-92.26847018997888,49.6080492491988,3.0,0,-98.76346275675354,2
2025-07-15 21:43:28.541941404,0,38.90758179776104,-92.26847019045653,49.6080492491988,3.0,0,-98.76346120948006,2
2025-07-15 21:43:28.541941404,0,38.90758179654715,-92.26847019437662,49.6080492491988,3.0,0,-98.76345796938818,2
2025-07-15 21:43:28.541941404,0,38.90758179893664,-92.26847019491154,49.6080492491988,3.0,0,-98.76345967861766,2
2025-07-15 21:43:28.541941404,0,38.90758180141592,-92.26847019729809,49.6080492491988,3.0,0,-98.7634604157738,2
2025-07-15 21:43:28.541941404,0,38.90758180429352,-92.26847019501844,49.6080492491988,3.0,0,-98.76346412847649,2
2025-07-15 21:43:28.541941404,0,38.90758180547051,-92.26847019121168,49.6080492491988,3.0,0,-98.763467273348,2
2025-07-15 21:43:28.541941404,0,38.90758180399887,-92.2684701925233,49.6080492491988,3.0,0,-98.76346529215886,2
2025-07-15 21:43:28.541941404,0,38.90758180314285,-92.26847019497848,49.6080492491988,3.0,0,-98.7634631822599,2
2025-07-15 21:43:28.541941404,0,38.90758180347806,-92.26847019688302,49.6080492491988,3.0,0,-98.76346238689422,2
2025-07-15 21:43:28.541941404,0,38.90758180695221,-92.26847019924055,49.6080492491988,3.0,0,-98.7634639781234,2
2025-07-15 21:43:28.541941404,0,38.9075818105715,-92.2684702001055,49.6080492491988,3.0,0,-98.76346653607568,2
2025-07-15 21:43:28.541941404,0,38.90758181051714,-92.26847019914422,49.6080492491988,3.0,0,-98.76346703419416,2
2025-07-15 21:43:28.541941404,0,38.9075818122119,-92.26847019827436,49.6080492491988,3.0,0,-98.7634689533066,2
2025-07-15 21:43:28.541941404,0,38.907581809306286,-92.26847020049956,49.6080492491988,3.0,0,-98.7634652478311,2
2025-07-15 21:43:28.541941404,0,38.90758181000644,-92.2684702010862,49.6080492491988,3.0,0,-98.76346550541648,2
2025-07-15 21:43:28.541941404,0,38.90758180953021,-92.26847019908038,49.6080492491988,3.0,0,-98.7634662393492,2
2025-07-15 21:43:28.541941404,0,38.90758180894073,-92.26847019789952,49.6080492491988,3.0,0,-98.76346641115674,2
2025-07-15 21:43:28.541941404,0,38.90758180951712,-92.268470196831,49.6080492491988,3.0,0,-98.76346750104231,2
2025-07-15 21:43:28.541941404,0,38.90758180734347,-92.26847020521808,49.6080492491988,3.0,0,-98.76346092542956,2
2025-07-15 21:43:28.541941404,0,38.907581802681385,-92.26847022311252,49.6080492491988,3.0,0,-98.763446875287,2
2025-07-15 21:43:28.541941404,0,38.90758179751153,-92.26847024199998,49.6080492491988,3.0,0,-98.7634318357696,2
2025-07-15 21:43:28.541941404,0,38.90758179235784,-92.26847026099324,49.6080492491988,3.0,0,-98.76341674996996,2
2025-07-15 21:43:28.541941404,0,38.90758179149938,-92.26847027833834,49.6080492491988,3.0,0,-98.76340621319542,2
2025-07-15 21:43:28.541941404,0,38.907581789454255,-92.26847029324075,49.6080492491988,3.0,0,-98.76339605935097,2
2025-07-15 21:43:28.541941404,0,38.90758178792076,-92.26847031100624,49.6080492491988,3.0,0,-98.76338471635268,2
2025-07-15 21:43:28.541941404,0,38.90758178811854,-92.26847032755737,49.6080492491988,3.0,0,-98.7633755181144,2
2025-07-15 21:43:28.541941404,0,38.9075817829071,-92.26847034031452,49.6080492491988,3.0,0,-98.76336391213492,2
2025-07-15 21:43:28.541941404,0,38.90758178437452,-92.26847034852877,49.6080492491988,3.0,0,-98.76336049997002,2
2025-07-15 21:43:28.541941404,0,38.90758178237298,-92.26847035865684,49.6080492491988,3.0,0,-98.7633530841802,2
2025-07-15 21:43:28.541941404,0,38.90758178103746,-92.26847036893126,49.6080492491988,3.0,0,-98.76334614634276,2
2025-07-15 21:43:28.541941404,0,38.90758178173148,-92.26847037680146,49.6080492491988,3.0,0,-98.763342277663,2
2025-07-15 21:43:28.541941404,0,38.907581782993645,-92.26847038376448,49.6080492491988,3.0,0,-98.76333940064512,2
2025-07-15 21:43:28.541941404,0,38.90758178397721,-92.2684703892724,49.6080492491988,3.0,0,-98.76333711232786,2
2025-07-15 21:43:28.541941404,0,38.9075817840745,-92.26847039520766,49.6080492491988,3.0,0,-98.7633338360331,2
2025-07-15 21:43:28.541941404,0,38.907581784796704,-92.26847040105396,49.6080492491988,3.0,0,-98.76333113623366,2
2025-07-15 21:43:28.541941404,0,38.90758178370625,-92.26847040253912,49.6080492491988,3.0,0,-98.7633293777775,2
2025-07-15 21:43:28.541941404,0,38.90758178113411,-92.26847040800509,49.6080492491988,3.0,0,-98.76332411942047,2
2025-07-15 21:43:28.541941404,0,38.907581777379775,-92.2684704137438,49.6080492491988,3.0,0,-98.76331771134215,2
2025-07-15 21:43:28.541941404,0,38.90758177651923,-92.26847041592434,49.6080492491988,3.0,0,-98.76331575301828,2
2025-07-15 21:43:28.541941404,0,38.90758177463076,-92.26847042122682,49.6080492491988,3.0,0,-98.76331116278288,2
2025-07-15 21:43:28.541941404,0,38.90758177545859,-92.26847042380533,49.6080492491988,3.0,0,-98.76331040084784,2
2025-07-15 21:43:28.541941404,0,38.90758177811017,-92.26847042756542,49.6080492491988,3.0,0,-98.76331050591648,2
2025-07-15 21:43:28.541941404,0,38.90758177844848,-92.26847042874826,49.6080492491988,3.0,0,-98.76331012149654,2
2025-07-15 21:43:28.541941404,0,38.90758178065711,-92.26847042950148,49.6080492491988,3.0,0,-98.76331155492544,2
2025-07-15 21:43:28.541941404,0,38.90758178091168,-92.2684704314514,49.6080492491988,3.0,0,-98.76331066598884,2
2025-07-15 21:43:28.541941404,0,38.90758177892246,-92.26847042766688,49.6080492491988,3.0,0,-98.7633111324344,2
2025-07-15 21:43:28.541941404,0,38.90758178013476,-92.26847041393717,49.6080492491988,3.0,0,-98.76331992155406,2
2025-07-15 21:43:28.541941404,0,38.9075817826586,-92.268470395806,49.6080492491988,3.0,0,-98.76333230534578,2
2025-07-15 21:43:28.541941404,0,38.9075817843082,-92.2684703814606,49.6080492491988,3.0,0,-98.76334181101409,2
2025-07-15 21:43:28.541941404,0,38.90758178088609,-92.26847037165062,49.6080492491988,3.0,0,-98.76334448025654,2
2025-07-15 21:43:28.541941404,0,38.90758178127743,-92.26847035785904,49.6080492491988,3.0,0,-98.76335261315666,2
2025-07-15 21:43:28.541941404,0,38.90758178274133,-92.26847033412292,49.6080492491988,3.0,0,-98.7633672758073,2
2025-07-15 21:43:28.541941404,0,38.90758178676119,-92.26847031533993,49.6080492491988,3.0,0,-98.76338128799163,2
2025-07-15 21:43:28.541941404,0,38.90758178421553,-92.26847029659967,49.6080492491988,3.0,0,-98.7633897479934,2
2025-07-15 21:43:28.541941404,0,38.90758178460724,-92.26847028091044,49.6080492491988,3.0,0,-98.76339895488712,2
2025-07-15 21:43:28.541941404,0,38.9075817865471,-92.2684702643355,49.6080492491988,3.0,0,-98.76340996641886,2
2025-07-15 21:43:28.541941404,0,38.90758179004639,-92.2684702494958,49.6080492491988,3.0,0,-98.763421309127,2
2025-07-15 21:43:28.541941404,0,38.90758179289572,-92.26847023622628,49.6080492491988,3.0,0,-98.76343121618224,2
2025-07-15 21:43:28.541941404,0,38.90758179674234,-92.26847022612152,49.6080492491988,3.0,0,-98.76344017227348,2
2025-07-15 21:43:28.541941404,0,38.90758179562536,-92.26847021301442,49.6080492491988,3.0,0,-98.76344664788354,2
2025-07-15 21:43:28.541941404,0,38.90758179715128,-92.26847020686164,49.6080492491988,3.0,0,-98.76345141395252,2
2025-07-15 21:43:28.541941404,0,38.90758179916622,-92.26847019717204,49.6080492491988,3.0,0,-98.76345859290672,2
2025-07-15 21:43:28.541941404,0,38.90758179861137,-92.26847019030669,49.6080492491988,3.0,0,-98.76346201019936,2
2025-07-15 21:43:28.541941404,0,38.90758180064596,-92.26847018235044,49.6080492491988,3.0,0,-98.76346822495924,2
2025-07-15 21:43:28.541941404,0,38.90758180248701,-92.26847017309,49.6080492491988,3.0,0,-98.76347501469344,2
2025-07-15 21:43:28.541941404,0,38.90758180050648,-92.26847017168627,49.6080492491988,3.0,0,-98.76347414137484,2
2025-07-15 21:43:28.541941404,0,38.90758179998267,-92.26847016962336,49.6080492491988,3.0,0,-98.76347486754575,2
2025-07-15 21:43:28.541941404,0,38.90758179586224,-92.26847016918356,49.6080492491988,3.0,0,-98.76347164710783,2
2025-07-15 21:43:28.541941404,0,38.907581793877725,-92.26847016957832,49.6080492491988,3.0,0,-98.7634697528485,2
2025-07-15 21:43:28.541941404,0,38.9075817955699,-92.26847017167948,49.6080492491988,3.0,0,-98.76346998875924,2
2025-07-15 21:43:28.541941404,0,38.90758179186923,-92.26847018880072,49.6080492491988,3.0,0,-98.76345718558468,2
2025-07-15 21:43:28.541941404,0,38.9075817855083,-92.26847020889105,49.6080492491988,3.0,0,-98.76344046263432,2
2025-07-15 21:43:28.541941404,0,38.90758178054516,-92.26847022913132,49.6080492491988,3.0,0,-98.7634248317372,2
2025-07-15 21:43:28.541941404,0,38.90758177684685,-92.2684702469706,49.6080492491988,3.0,0,-98.7634116242712,2
2025-07-15 21:43:28.541941404,0,38.90758177128075,-92.26847027024728,49.6080492491988,3.0,0,-98.76339376765628,2
2025-07-15 21:43:28.541941404,0,38.90758176529288,-92.26847029194396,49.6080492491988,3.0,0,-98.7633764499032,2
2025-07-15 21:43:28.541941404,0,38.90758175955752,-92.26847031094256,49.6080492491988,3.0,0,-98.76336087132904,2
2025-07-15 21:43:28.541941404,0,38.907581753416494,-92.26847032829248,49.6080492491988,3.0,0,-98.76334588404468,2
2025-07-15 21:43:28.541941404,0,38.90758174944504,-92.2684703471628,49.6080492491988,3.0,0,-98.763331863213,2
2025-07-15 21:43:28.541941404,0,38.90758174648555,-92.268470363921,49.6080492491988,3.0,0,-98.76331988946588,2
2025-07-15 21:43:28.541941404,0,38.90758174095382,-92.26847037940216,49.6080492491988,3.0,0,-98.76330647252972,2
2025-07-15 21:43:28.541941404,0,38.90758173753372,-92.26847039277652,49.6080492491988,3.0,0,-98.76329602556802,2
2025-07-15 21:43:28.541941404,0,38.90758173634145,-92.2684704028176,49.6080492491988,3.0,0,-98.76328934037912,2
2025-07-15 21:43:28.541941404,0,38.90758173351864,-92.26847041301332,49.6080492491988,3.0,0,-98.76328119482042,2
2025-07-15 21:43:28.541941404,0,38.90758172858622,-92.26847042414168,49.6080492491988,3.0,0,-98.7632707453447,2
2025-07-15 21:43:28.541941404,0,38.90758172459863,-92.26847043738226,49.6080492491988,3.0,0,-98.76325989624564,2
2025-07-15 21:43:28.541941404,0,38.90758172162452,-92.2684704503146,49.6080492491988,3.0,0,-98.76325007489532,2
2025-07-15 21:43:28.541941404,0,38.9075817173479,-92.26847046027278,49.6080492491988,3.0,0,-98.76324083966114,2
2025-07-15 21:43:28.541941404,0,38.9075817172831,-92.26847046722266,49.6080492491988,3.0,0,-98.76323685279505,2
2025-07-15 21:43:28.541941404,0,38.907581715163424,-92.26847047652372,49.6080492491988,3.0,0,-98.76322980545984,2
2025-07-15 21:43:28.541941404,0,38.90758171229413,-92.26847048620834,49.6080492491988,3.0,0,-98.76322190993716,2
2025-07-15 21:43:28.541941404,0,38.90758170620987,-92.26847049306924,49.6080492491988,3.0,0,-98.76321290520912,2
2025-07-15 21:43:28.541941404,0,38.90758170308249,-92.26847050149703,49.6080492491988,3.0,0,-98.76320550349516,2
2025-07-15 21:43:28.541941404,0,38.90758169993552,-92.26847050785484,49.6080492491988,3.0,0,-98.76319925653088,2
2025-07-15 21:43:28.541941404,0,38.90758169597812,-92.2684705145591,49.6080492491988,3.0,0,-98.76319213117182,2
2025-07-15 21:43:28.541941404,0,38.907581692238615,-92.2684705171377,49.6080492491988,3.0,0,-98.76318752362651,2
2025-07-15 21:43:28.541941404,0,38.9075816886963,-92.2684705189954,49.6080492491988,3.0,0,-98.76318348999904,2
2025-07-15 21:43:28.541941404,0,38.90758168501532,-92.26847052432282,49.6080492491988,3.0,0,-98.76317737639464,2
2025-07-15 21:43:28.541941404,0,38.90758168089178,-92.26847052898496,49.6080492491988,3.0,0,-98.76317126662263,2
2025-07-15 21:43:28.541941404,0,38.90758167541654,-92.26847053177671,49.6080492491988,3.0,0,-98.76316507701888,2
2025-07-15 21:43:28.541941404,0,38.90758167410858,-92.26847053493708,49.6080492491988,3.0,0,-98.76316218758576,2
2025-07-15 21:43:28.541941404,0,38.9075816738763,-92.2684705381139,49.6080492491988,3.0,0,-98.76316019453134,2
2025-07-15 21:43:28.541941404,0,38.90758167065382,-92.2684705405129,49.6080492491988,3.0,0,-98.7631561239216,2
2025-07-15 21:43:28.541941404,0,38.90758166678663,-92.26847054490328,49.6080492491988,3.0,0,-98.76315038374304,2
2025-07-15 21:43:28.541941404,0,38.90758166090918,-92.26847055125413,49.6080492491988,3.0,0,-98.76314184171656,2
2025-07-15 21:43:28.541941404,0,38.90758165812749,-92.26847055684232,49.6080492491988,3.0,0,-98.7631363377588,2
2025-07-15 21:43:28.541941404,0,38.90758165275666,-92.26847056459414,49.6080492491988,3.0,0,-98.76312742961358,2
2025-07-15 21:43:28.541941404,0,38.90758165281152,-92.26847056907192,49.6080492491988,3.0,0,-98.76312494222115,2
2025-07-15 21:43:28.541941404,0,38.90758165000741,-92.26847057233104,49.6080492491988,3.0,0,-98.76312073720158,2
2025-07-15 21:43:28.541941404,0,38.90758165349462,-92.26847057337764,49.6080492491988,3.0,0,-98.76312308115445,2
2025-07-15 21:43:28.541941404,0,38.907581655381776,-92.26847057670278,49.6080492491988,3.0,0,-98.76312278866668,2
2025-07-15 21:43:28.541941404,0,38.90758165534546,-92.26847057987018,49.6080492491988,3.0,0,-98.76312096594027,2
2025-07-15 21:43:28.541941404,0,38.90758165562968,-92.26847058289482,49.6080492491988,3.0,0,-98.76311949387548,2
2025-07-15 21:43:28.541941404,0,38.9075816571552,-92.26847058579028,49.6080492491988,3.0,0,-98.76311914002326,2
2025-07-15 21:43:28.541941404,0,38.9075816585356,-92.26847058809322,49.6080492491988,3.0,0,-98.7631189992474,2
2025-07-15 21:43:28.541941404,0,38.9075816586749,-92.2684705931894,49.6080492491988,3.0,0,-98.76311623306576,2
2025-07-15 21:43:28.541941404,0,38.90758165880095,-92.2684705958983,49.6080492491988,3.0,0,-98.76311480646478,2
2025-07-15 21:43:28.541941404,0,38.90758165859793,-92.26847059930076,49.6080492491988,3.0,0,-98.76311271037156,2
2025-07-15 21:43:28.541941404,0,38.90758165809713,-92.26847060031852,49.6080492491988,3.0,0,-98.76311171284851,2
2025-07-15 21:43:28.541941404,0,38.90758165827814,-92.26847060234928,49.6080492491988,3.0,0,-98.76311071623628,2
2025-07-15 21:43:28.541941404,0,38.90758165669798,-92.26847060704058,49.6080492491988,3.0,0,-98.76310673138391,2
2025-07-15 21:43:28.541941404,0,38.90758165780479,-92.2684706092246,49.6080492491988,3.0,0,-98.7631064275493,2
2025-07-15 21:43:28.541941404,0,38.90758166150152,-92.26847061009106,49.6080492491988,3.0,0,-98.76310904983283,2
2025-07-15 21:43:28.541941404,0,38.90758166357827,-92.2684706119849,49.6080492491988,3.0,0,-98.76310972683252,2
2025-07-15 21:43:28.541941404,0,38.90758166751851,-92.26847060925942,49.6080492491988,3.0,0,-98.76311458649712,2
2025-07-15 21:43:28.541941404,0,38.90758166886435,-92.26847061028111,49.6080492491988,3.0,0,-98.76311514156951,2
2025-07-15 21:43:28.541941404,0,38.90758166960655,-92.26847061136418,49.6080492491988,3.0,0,-98.76311515367934,2
2025-07-15 21:43:28.541941404,0,38.90758167107085,-92.26847061297836,49.6080492491988,3.0,0,-98.76311547324497,2
2025-07-15 21:43:28.541941404,0,38.90758166779816,-92.2684706193538,49.6080492491988,3.0,0,-98.7631091104422,2
2025-07-15 21:43:28.541941404,0,38.90758166737344,-92.2684706244886,49.6080492491988,3.0,0,-98.76310584751224,2
2025-07-15 21:43:28.541941404,0,38.907581664769545,-92.26847062850078,49.6080492491988,3.0,0,-98.7631013849653,2
2025-07-15 21:43:28.541941404,0,38.90758166447439,-92.26847063054588,49.6080492491988,3.0,0,-98.76309997929394,2
2025-07-15 21:43:28.541941404,0,38.90758166452439,-92.26847063033544,49.6080492491988,3.0,0,-98.76310014047948,2
2025-07-15 21:43:28.541941404,0,38.90758166837463,-92.26847063268164,49.6080492491988,3.0,0,-98.7631020547501,2
2025-07-15 21:43:28.541941404,0,38.90758167043174,-92.26847063290218,49.6080492491988,3.0,0,-98.76310366199932,2
2025-07-15 21:43:28.541941404,0,38.90758167134192,-92.26847063215048,49.6080492491988,3.0,0,-98.76310485366037,2
2025-07-15 21:43:28.541941404,0,38.90758166899469,-92.2684706341655,49.6080492491988,3.0,0,-98.76310173724296,2
2025-07-15 21:43:28.541941404,0,38.9075816686147,-92.26847063456196,49.6080492491988,3.0,0,-98.76310119297204,2
2025-07-15 21:43:28.541941404,0,38.90758166985626,-92.26847063539634,49.6080492491988,3.0,0,-98.76310176623277,2
2025-07-15 21:43:28.541941404,0,38.9075816697114,-92.26847063741968,49.6080492491988,3.0,0,-98.76310049942772,2
2025-07-15 21:43:28.541941404,0,38.90758167148281,-92.26847063782368,49.6080492491988,3.0,0,-98.76310176231942,2
2025-07-15 21:43:28.541941404,0,38.90758167070759,-92.26847063961613,49.6080492491988,3.0,0,-98.76310009541947,2
2025-07-15 21:43:28.541941404,0,38.90758167064028,-92.26847064234784,49.6080492491988,3.0,0,-98.76309849310924,2
2025-07-15 21:43:28.541941404,0,38.90758166962813,-92.26847064545387,49.6080492491988,3.0,0,-98.76309588347016,2
2025-07-15 21:43:28.541941404,0,38.90758166982205,-92.26847064858154,49.6080492491988,3.0,0,-98.76309427707132,2
2025-07-15 21:43:28.541941404,0,38.90758167190001,-92.26847064950918,49.6080492491988,3.0,0,-98.76309550179197,2
2025-07-15 21:43:28.541941404,0,38.9075816748901,-92.26847065034858,49.6080492491988,3.0,0,-98.76309754441765,2
2025-07-15 21:43:28.541941404,0,38.90758167712014,-92.26847065174228,49.6080492491988,3.0,0,-98.76309863346694,2
2025-07-15 21:43:28.541941404,0,38.90758167913805,-92.26847065316196,49.6080492491988,3.0,0,-98.76309952921184,2
2025-07-15 21:43:28.541941404,0,38.90758168032984,-92.26847065476368,49.6080492491988,3.0,0,-98.76309962639311,2
2025-07-15 21:43:28.541941404,0,38.90758167982283,-92.26847065320077,49.6080492491988,3.0,0,-98.76310008383297,2
2025-07-15 21:43:28.541941404,0,38.90758167983969,-92.26847065432317,49.6080492491988,3.0,0,-98.763099462958,2
2025-07-15 21:43:28.541941404,0,38.90758168112327,-92.26847065486317,49.6080492491988,3.0,0,-98.76310023815309,2
2025-07-15 21:43:28.541941404,0,38.90758167974808,-92.26847065757138,49.6080492491988,3.0,0,-98.7630975479404,2
2025-07-15 21:43:28.541941404,0,38.9075816788208,-92.26847065843656,49.6080492491988,3.0,0,-98.76309627765806,2
2025-07-15 21:43:28.541941404,0,38.9075816782988,-92.268470659378,49.6080492491988,3.0,0,-98.76309530548616,2
2025-07-15 21:43:28.541941404,0,38.90758167750938,-92.26847066022988,49.6080492491988,3.0,0,-98.76309415882054,2
2025-07-15 21:43:28.541941404,0,38.90758167933172,-92.26847066496424,49.6080492491988,3.0,0,-98.763093014405,2
2025-07-15 21:43:28.541941404,0,38.907581682090495,-92.26847067416304,49.6080492491988,3.0,0,-98.76309013240552,2
2025-07-15 21:43:28.541941404,0,38.90758168236726,-92.2684706744012,49.6080492491988,3.0,0,-98.76309023067768,2
2025-07-15 21:43:28.541941404,0,38.90758168309332,-92.26847067414108,49.6080492491988,3.0,0,-98.76309098918388,2
2025-07-15 21:43:28.541941404,0,38.907581684860105,-92.26847067390572,49.6080492491988,3.0,0,-98.76309260994292,2
2025-07-15 21:43:28.541941404,0,38.907581684080704,-92.26847067416834,49.6080492491988,3.0,0,-98.763091805109,2
2025-07-15 21:43:28.541941404,0,38.90758168179003,-92.2684706751987,49.6080492491988,3.0,0,-98.76308929343742,2
2025-07-15 21:43:28.541941404,0,38.907581681302666,-92.26847067565542,49.6080492491988,3.0,0,-98.76308862467704,2
2025-07-15 21:43:28.541941404,0,38.90758168260562,-92.26847067575162,49.6080492491988,3.0,0,-98.7630896673008,2
2025-07-15 21:43:28.541941404,0,38.90758168394318,-92.2684706740947,49.6080492491988,3.0,0,-98.76309173098156,2
2025-07-15 21:43:28.541941404,0,38.90758168229975,-92.26847067418082,49.6080492491988,3.0,0,-98.76309029853763,2
2025-07-15 21:43:28.541941404,0,38.90758168445911,-92.2684706767954,49.6080492491988,3.0,0,-98.76309063729514,2
2025-07-15 21:43:28.541941404,0,38.90758168435202,-92.2684706796369,49.6080492491988,3.0,0,-98.76308893937176,2
2025-07-15 21:43:28.541941404,0,38.90758168473074,-92.26847068157394,49.6080492491988,3.0,0,-98.76308816223997,2
2025-07-15 21:43:28.541941404,0,38.90758168665886,-92.2684706836438,49.6080492491988,3.0,0,-98.76308861450856,2
2025-07-15 21:43:28.541941404,0,38.90758168650106,-92.26847068694364,49.6080492491988,3.0,0,-98.76308661455028,2
2025-07-15 21:43:28.541941404,0,38.907581690004726,-92.268470683905,49.6080492491988,3.0,0,-98.76309128383384,2
2025-07-15 21:43:28.541941404,0,38.9075816950776,-92.26847067402105,49.6080492491988,3.0,0,-98.76310114752226,2
2025-07-15 21:43:28.541941404,0,38.907581700936255,-92.2684706520769,49.6080492491988,3.0,0,-98.7631184966154,2
2025-07-15 21:43:28.541941404,0,38.90758170623761,-92.26847062397604,49.6080492491988,3.0,0,-98.76313886001437,2
2025-07-15 21:43:28.541941404,0,38.90758170944925,-92.26847059902389,49.6080492491988,3.0,0,-98.76315568235913,2
2025-07-15 21:43:28.541941404,0,38.907581714574974,-92.26847057596966,49.6080492491988,3.0,0,-98.76317304240769,2
2025-07-15 21:43:28.541941404,0,38.90758171572519,-92.26847055685244,49.6080492491988,3.0,0,-98.7631848276008,2
2025-07-15 21:43:28.541941404,0,38.90758171597329,-92.26847053004124,49.6080492491988,3.0,0,-98.76320020656664,2
2025-07-15 21:43:28.541941404,0,38.9075817215882,-92.2684704940484,49.6080492491988,3.0,0,-98.76322529929496,2
2025-07-15 21:43:28.541941404,0,38.907581723339625,-92.26847046544287,49.6080492491988,3.0,0,-98.76324295922734,2
2025-07-15 21:43:28.541941404,0,38.90758172460736,-92.26847043781451,49.6080492491988,3.0,0,-98.76325965902709,2
2025-07-15 21:43:28.541941404,0,38.90758172876679,-92.26847041075328,49.6080492491988,3.0,0,-98.76327847264884,2
2025-07-15 21:43:28.541941404,0,38.907581731579306,-92.26847038563206,49.6080492491988,3.0,0,-98.7632950545223,2
2025-07-15 21:43:28.541941404,0,38.90758173523408,-92.26847036147362,49.6080492491988,3.0,0,-98.76331180079217,2
2025-07-15 21:43:28.541941404,0,38.90758173869972,-92.26847034214993,49.6080492491988,3.0,0,-98.76332565228756,2
2025-07-15 21:43:28.541941404,0,38.90758174167716,-92.26847032434728,49.6080492491988,3.0,0,-98.76333823207084,2
2025-07-15 21:43:28.541941404,0,38.90758174611532,-92.26847030649418,49.6080492491988,3.0,0,-98.76335207031087,2
2025-07-15 21:43:28.541941404,0,38.907581745850685,-92.26847029271748,49.6080492491988,3.0,0,-98.76335964245732,2
2025-07-15 21:43:28.541941404,0,38.90758174909914,-92.26847027660484,49.6080492491988,3.0,0,-98.7633714942246,2
2025-07-15 21:43:28.541941404,0,38.90758175156295,-92.26847026567134,49.6080492491988,3.0,0,-98.76337975493442,2
2025-07-15 21:43:28.541941404,0,38.90758175331678,-92.26847025641209,49.6080492491988,3.0,0,-98.76338647056792,2
2025-07-15 21:43:28.541941404,0,38.90758175522085,-92.26847025199712,49.6080492491988,3.0,0,-98.76339057174432,2
2025-07-15 21:43:28.541941404,0,38.90758175837068,-92.26847024594112,49.6080492491988,3.0,0,-98.76339665034163,2
2025-07-15 21:43:28.541941404,0,38.90758176011108,-92.26847023855868,49.6080492491988,3.0,0,-98.76340229275267,2
2025-07-15 21:43:28.541941404,0,38.907581766283634,-92.2684702318785,49.6080492491988,3.0,0,-98.76341126955772,2
2025-07-15 21:43:28.541941404,0,38.90758176838111,-92.2684702271021,49.6080492491988,3.0,0,-98.76341573808702,2
2025-07-15 21:43:28.541941404,0,38.907581771705935,-92.2684702229386,49.6080492491988,3.0,0,-98.76342089323248,2
2025-07-15 21:43:28.541941404,0,38.90758177439741,-92.26847021679303,49.6080492491988,3.0,0,-98.7634266365771,2
2025-07-15 21:43:28.541941404,0,38.907581777467016,-92.26847020790268,49.6080492491988,3.0,0,-98.76343425132724,2
2025-07-15 21:43:28.541941404,0,38.90758178151296,-92.2684702012849,49.6080492491988,3.0,0,-98.76344140228474,2
2025-07-15 21:43:28.541941404,0,38.90758178564966,-92.26847019561372,49.6080492491988,3.0,0,-98.76344809405418,2
2025-07-15 21:43:28.541941404,0,38.90758178717328,-92.26847019286014,49.6080492491988,3.0,0,-98.7634509348914,2
2025-07-15 21:43:28.541941404,0,38.90758178966175,-92.26847018799036,49.6080492491988,3.0,0,-98.763455785462,2
2025-07-15 21:43:28.541941404,0,38.90758179254768,-92.2684701823155,49.6080492491988,3.0,0,-98.76346142620991,2
2025-07-15 21:43:28.541941404,0,38.90758179500053,-92.26847017369252,49.6080492491988,3.0,0,-98.76346837036738,2
2025-07-15 21:43:28.541941404,0,38.907581869832086,-92.26846996866416,49.6080492491988,3.0,0,-98.763647382488,2
2025-07-15 21:43:28.541941404,0,38.9075821078189,-92.2684692377562,49.6080492491988,3.0,0,-98.76426130777752,2
2025-07-15 21:43:28.541941404,0,38.90758245761047,-92.26846824375568,49.6080492491988,3.0,0,-98.76511821680054,2
2025-07-15 21:43:28.541941404,0,38.907582915388645,-92.26846689103913,49.6080492491988,3.0,0,-98.7662689856607,2
2025-07-15 21:43:28.541941404,0,38.90758351765097,-92.2684651452394,49.6080492491988,3.0,0,-98.76776376993432,2
2025-07-15 21:43:28.541941404,0,38.90758406167189,-92.26846356043544,49.6080492491988,3.0,0,-98.76911840032858,2
2025-07-15 21:43:28.541941404,0,38.90758453000309,-92.26846211877582,49.6080492491988,3.0,0,-98.77032829280972,2
2025-07-15 21:43:28.541941404,0,38.90758495647953,-92.26846081282709,49.6080492491988,3.0,0,-98.7714261489266,2
2025-07-15 21:43:28.541941404,0,38.90758534682659,-92.26845962539912,49.6080492491988,3.0,0,-98.77242651992208,2
2025-07-15 21:43:28.541941404,0,38.9075857567998,-92.268458355602,49.6080492491988,3.0,0,-98.77348999104667,2
2025-07-15 21:43:28.541941404,0,38.90758619499594,-92.26845692391466,49.6080492491988,3.0,0,-98.77466877614536,2
2025-07-15 21:43:28.541941404,0,38.90758668790197,-92.26845519972017,49.6080492491988,3.0,0,-98.77605904633594,2
